{"PM10 (ug/m^3)":24.009778597785875,"Bsp (Mm^-1)":21.864877757901013}
