{"Nitrogen Oxide (ppm)":0.000449145452372387,"Nitrogen Dioxide (ppm)":0.000449145452372387,"Nitrogen Oxides (ppm)":0.000449145452372387,"Carbon Monoxide (ppm)":0.000449145452372387,"PM10 (ug/m^3)":0.000449145452372387,"PM2.5 (ug/m^3)":0.000449145452372387,"Bsp (Mm^-1)":0.000449145452372387}