{"Nitrogen Oxide (ppm)":0.000449145452372387,"Nitrogen Dioxide (ppm)":0.0011776024859567063,"Nitrogen Oxides (ppm)":0.001503884307398079,"Carbon Monoxide (ppm)":0.07642648367010364,"PM10 (ug/m^3)":11.249923086025307,"PM2.5 (ug/m^3)":3.8255236066737686,"Bsp (Mm^-1)":14.13953488372093}
