{"Nitrogen Oxide (ppm)":0.0019068810289388921,"Nitrogen Dioxide (ppm)":0.0019068810289388921,"Nitrogen Oxides (ppm)":0.0019068810289388921,"Carbon Monoxide (ppm)":0.0019068810289388921,"PM10 (ug/m^3)":0.0019068810289388921,"PM2.5 (ug/m^3)":0.0019068810289388921,"Bsp (Mm^-1)":0.0019068810289388921}
