{"Nitrogen Oxide (ppm)":0.002470194719866249,"Nitrogen Dioxide (ppm)":0.002470194719866249,"Nitrogen Oxides (ppm)":0.002470194719866249,"Carbon Monoxide (ppm)":0.002470194719866249,"PM10 (ug/m^3)":0.002470194719866249,"PM2.5 (ug/m^3)":0.002470194719866249,"Bsp (Mm^-1)":0.002470194719866249}
