{"Nitrogen Oxide (ppm)":0.005436761017556372,"Nitrogen Dioxide (ppm)":0.006333572196345483,"Nitrogen Oxides (ppm)":0.011770333213902024,"PM10 (ug/m^3)":14.586859688196046,"Bsp (Mm^-1)":17.90386911870074}
