{"PM10 (ug/m^3)":15.735626744327135,"PM2.5 (ug/m^3)":4.321684261618738}
