{"Nitrogen Oxide (ppm)":0.0018019352526579607,"Nitrogen Dioxide (ppm)":0.0018019352526579607,"Nitrogen Oxides (ppm)":0.0018019352526579607,"Carbon Monoxide (ppm)":0.0018019352526579607,"PM10 (ug/m^3)":0.0018019352526579607,"PM2.5 (ug/m^3)":0.0018019352526579607,"Bsp (Mm^-1)":0.0018019352526579607}
