{"Nitrogen Oxide (ppm)":0.0018019352526579607,"Nitrogen Dioxide (ppm)":0.0033604109425397774,"Nitrogen Oxides (ppm)":0.005041333174053363,"PM10 (ug/m^3)":13.843978748524203,"Bsp (Mm^-1)":12.285185627312881}
