{"Nitrogen Oxide (ppm)":0.0009184821642327176,"Nitrogen Dioxide (ppm)":0.0032151065357913285,"Nitrogen Oxides (ppm)":0.004055781661479582}
