{"Nitrogen Oxide (ppm)":0.0013341858482522676,"Nitrogen Dioxide (ppm)":0.0013341858482522676,"Nitrogen Oxides (ppm)":0.0013341858482522676,"Carbon Monoxide (ppm)":0.0013341858482522676,"PM10 (ug/m^3)":0.0013341858482522676,"PM2.5 (ug/m^3)":0.0013341858482522676,"Bsp (Mm^-1)":0.0013341858482522676}
