{"Nitrogen Oxide (ppm)":0.0013341858482522676,"Nitrogen Dioxide (ppm)":0.0037661673364998713,"Nitrogen Oxides (ppm)":0.005034953111679546,"PM10 (ug/m^3)":17.609901483975477}
