{"Nitrogen Oxide (ppm)":0.006348790322580604,"Nitrogen Dioxide (ppm)":0.006348790322580604,"Nitrogen Oxides (ppm)":0.006348790322580604,"Carbon Monoxide (ppm)":0.006348790322580604,"PM10 (ug/m^3)":0.006348790322580604,"PM2.5 (ug/m^3)":0.006348790322580604,"Bsp (Mm^-1)":0.006348790322580604}
