{"Nitrogen Oxide (ppm)":0.02593332526621445,"Nitrogen Dioxide (ppm)":0.015137100677638305,"Nitrogen Oxides (ppm)":0.041070425943852365,"Carbon Monoxide (ppm)":0.2542075311781043,"PM10 (ug/m^3)":18.096294513955726,"PM2.5 (ug/m^3)":6.2129932627526445}
