{"Nitrogen Oxide (ppm)":0.0022959134615385185,"Nitrogen Dioxide (ppm)":0.0065314903846153865,"Nitrogen Oxides (ppm)":0.008694591346154029,"PM10 (ug/m^3)":13.243732484076462,"PM2.5 (ug/m^3)":3.945752133486172}
