{"Nitrogen Oxide (ppm)":0.0037559139784947076,"Nitrogen Dioxide (ppm)":0.00479390681003587,"Nitrogen Oxides (ppm)":0.008355675029868725,"PM10 (ug/m^3)":13.175555862449968,"PM2.5 (ug/m^3)":5.101519127192383,"Bsp (Mm^-1)":14.581972322653035}
