{"PM10 (ug/m^3)":14.300785831574007,"Bsp (Mm^-1)":17.185895838524793}
