{"PM10 (ug/m^3)":14.652131069690189,"PM2.5 (ug/m^3)":6.86092841030511,"TSP (ug/m^3))":23.284801548886723}
