{"Nitrogen Oxide (ppm)":0.0019068810289388921,"Nitrogen Dioxide (ppm)":0.0034464308681672437,"Nitrogen Oxides (ppm)":0.005275884244373092,"PM10 (ug/m^3)":11.973795465281068,"PM2.5 (ug/m^3)":4.300838450637704,"Bsp (Mm^-1)":12.34616982961629}
