{"Nitrogen Oxide (ppm)":0.002470194719866249,"Nitrogen Dioxide (ppm)":0.005049934296977642,"Nitrogen Oxides (ppm)":0.007395293274399685}
