{"PM10 (ug/m^3)":18.710932596962447,"PM2.5 (ug/m^3)":5.759357349064906,"TSP (ug/m^3))":36.33873087954121}
