{"PM10 (ug/m^3)":12.764603008044743,"PM2.5 (ug/m^3)":5.468135711787342,"TSP (ug/m^3))":22.45768421052627}
