{"Nitrogen Oxide (ppm)":0.001597133566180816,"Nitrogen Dioxide (ppm)":0.003167770685294539,"Nitrogen Oxides (ppm)":0.004665422136577226}