{"Nitrogen Oxide (ppm)":0.006348790322580604,"Nitrogen Dioxide (ppm)":0.008106998847926369,"Nitrogen Oxides (ppm)":0.014455789170507162,"Carbon Monoxide (ppm)":0.14729113202167854,"PM10 (ug/m^3)":20.867151162790645}
