{"Nitrogen Oxide (ppm)":0.005901339392489885,"Nitrogen Dioxide (ppm)":0.00505716335804839,"Nitrogen Oxides (ppm)":0.010738938053097533,"PM10 (ug/m^3)":12.918456457925654,"PM2.5 (ug/m^3)":4.2786570450097825,"Bsp (Mm^-1)":16.035545326684566}
