{"Nitrogen Oxide (ppm)":0.02010369635326188,"Nitrogen Dioxide (ppm)":0.01666633589679996,"Nitrogen Oxides (ppm)":0.036770032250061514,"Carbon Monoxide (ppm)":0.16598639455781453,"PM10 (ug/m^3)":15.413304224990439,"PM2.5 (ug/m^3)":7.424399640426352}
