{"Nitrogen Dioxide (ppm)":0.004913049029622055,"PM10 (ug/m^3)":12.514285714285672,"PM2.5 (ug/m^3)":4.486599357503462}
