{"Nitrogen Oxide (ppm)":0.001313807531380725,"Nitrogen Dioxide (ppm)":0.0033905558876271584,"Nitrogen Oxides (ppm)":0.004544889420203308,"PM10 (ug/m^3)":13.083739837398381,"PM2.5 (ug/m^3)":3.9707429744642533,"Bsp (Mm^-1)":15.483450830445692}
