{"PM10 (ug/m^3)":19.65280452575832,"TSP (ug/m^3)":29.061603530709867}
