{"PM10 (ug/m^3)":21.98257585295229,"Bsp (Mm^-1)":19.48265999284948}
