{"PM10 (ug/m^3)":13.791671732522827,"PM2.5 (ug/m^3)":3.440821784585463}
